Tema,Votos,Respuestas,Vistas
Validación de usuarios registrados, 0 votos , 1 respuesta , 17 vistas 
Como crear un formulario de Contact Form 7 Wp como el de la foto, 0 votos , 1 respuesta , 17 vistas 
¿Existe alguna forma de adaptar una sentencia SQL cuando llega un campo nulo?, 2 votos , 1 respuesta , 31 vistas 
Cannot add or update a child row: a foreign key constraint fails, 1 voto ,0 respuestas, 5 vistas 
"Continuación Problema PL/SQL, Oracle", -1 votos ,0 respuestas, 32 vistas 
Procedimiento almacenado con UPDATE, 2 votos ,0 respuestas, 25 vistas 
JasperReport - Problemas al Recorrer lista, 0 votos ,0 respuestas, 5 vistas 
mostrar / imprimir arbol en un JtextField o caja de texto JAVA, 0 votos , 1 respuesta , 364 vistas 
Obtener datos en movimiento de <input type=“range”>, 0 votos ,0 respuestas, 20 vistas 
Java Spring conexion con wamp. No me inserta el registro, 0 votos , 1 respuesta , 18 vistas 
Constructor threw exception; nested exception is java.lang.NullPointerException, 0 votos , 1 respuesta , 20 vistas 
Modificar un archivo csv en python, 0 votos , 1 respuesta , 16 vistas 
Eliminar contenido con Expresiones Regulares - Regex, 0 votos , 2 respuestas , 25 vistas 
Estructurar conexion FTP usando modelo MVC en Java, 1 voto ,0 respuestas, 10 vistas 
